query_term,source,title,author,published_on,emo_score,description
Trump, NYT, Marco Rubio Campaign Delivers a Mixed Report on Its Latest Fund-Raising, By JEREMY W. PETERS, 2015-10-09, 4, Marco Rubio Campaign Delivers a Mixed Report on Its Latest Fund-Raising; by By JEREMY W. PETERS; New York Times; published 2015-10-09; emotional score: 4
Trump, NYT, Donald Trump and Hillary Clinton Stay Ahead in 3 Crucial States, By ALAN RAPPEPORT, 2015-10-07, 3, Donald Trump and Hillary Clinton Stay Ahead in 3 Crucial States; by By ALAN RAPPEPORT; New York Times; published 2015-10-07; emotional score: 3
Trump, NYT, A Show of Hispanic Support for Donald Trump (Well  One at Least), By JEREMY W. PETERS, 2015-10-08, 2, A Show of Hispanic Support for Donald Trump (Well  One at Least); by By JEREMY W. PETERS; New York Times; published 2015-10-08; emotional score: 2
Trump, NYT, High Noon Out West Between Trump and Rubio the Kid, By JEREMY W. PETERS, 2015-10-08, 2, High Noon Out West Between Trump and Rubio the Kid; by By JEREMY W. PETERS; New York Times; published 2015-10-08; emotional score: 2
Trump, NYT, Fox Video Featuring Donald Trump Angers United States Soccer Fans, By RICHARD SANDOMIR, 2015-10-09, 1, Fox Video Featuring Donald Trump Angers United States Soccer Fans; by By RICHARD SANDOMIR; New York Times; published 2015-10-09; emotional score: 1
Trump, NYT, What Donald Trump Would Have Been Asked at a Hispanic Business Meeting, By ALAN RAPPEPORT, 2015-10-08, 1, What Donald Trump Would Have Been Asked at a Hispanic Business Meeting; by By ALAN RAPPEPORT; New York Times; published 2015-10-08; emotional score: 1
Trump, NYT, Donald Trump Draws a Crowd in Iowa  but Few Are Caucusgoers, By TRIP GABRIEL, 2015-10-08, 1, Donald Trump Draws a Crowd in Iowa  but Few Are Caucusgoers; by By TRIP GABRIEL; New York Times; published 2015-10-08; emotional score: 1
Trump, NYT, Donald Trump Sees a &#8216;Collapse&#8217; in a G.O.P. Campaign Without Him, By MICHAEL BARBARO, 2015-10-05, 1, Donald Trump Sees a &#8216;Collapse&#8217; in a G.O.P. Campaign Without Him; by By MICHAEL BARBARO; New York Times; published 2015-10-05; emotional score: 1
Trump, NYT, Today in Politics: Republican Candidates Risk Falling Into a House Divide, By FIRST DRAFT, 2015-10-09, 1, Today in Politics: Republican Candidates Risk Falling Into a House Divide; by By FIRST DRAFT; New York Times; published 2015-10-09; emotional score: 1
Trump, NYT, From Donald Trump  Hints of a Campaign Exit Strategy, By MAGGIE HABERMAN, 2015-10-10, 0, From Donald Trump  Hints of a Campaign Exit Strategy; by By MAGGIE HABERMAN; New York Times; published 2015-10-10; emotional score: 0
Trump, NYT, Donald Trump Insists That He&#8217;s Still in It to Win It, By ALAN RAPPEPORT, 2015-10-06, 0, Donald Trump Insists That He&#8217;s Still in It to Win It; by By ALAN RAPPEPORT; New York Times; published 2015-10-06; emotional score: 0
Trump, NYT, 3 Peerless Republicans for President: Trump  Carson and Fiorina, By NICHOLAS KRISTOF, 2015-10-08, 0, 3 Peerless Republicans for President: Trump  Carson and Fiorina; by By NICHOLAS KRISTOF; New York Times; published 2015-10-08; emotional score: 0
Trump, NYT, Pithy  Mean and Powerful: How Donald Trump Mastered Twitter for 2016, By MICHAEL BARBARO, 2015-10-05, 0, Pithy  Mean and Powerful: How Donald Trump Mastered Twitter for 2016; by By MICHAEL BARBARO; New York Times; published 2015-10-05; emotional score: 0
Trump, NYT, Rupert Murdoch&#8217;s Tweets Suggest a New Favored Candidate: Ben Carson, By ASHLEY PARKER, 2015-10-08, 0, Rupert Murdoch&#8217;s Tweets Suggest a New Favored Candidate: Ben Carson; by By ASHLEY PARKER; New York Times; published 2015-10-08; emotional score: 0
Trump, NYT, Trump says if elected  he would send migrants back, By REUTERS, 2015-10-07, 0, Trump says if elected  he would send migrants back; by By REUTERS; New York Times; published 2015-10-07; emotional score: 0
Trump, NYT, What ‘The Apprentice’ Taught Donald Trump About Campaigning, By JAMES PONIEWOZIK, 2015-10-09, -1, What ‘The Apprentice’ Taught Donald Trump About Campaigning; by By JAMES PONIEWOZIK; New York Times; published 2015-10-09; emotional score: -1
Trump, NYT, Julio Iglesias Says He&#8217;ll &#8216;Never Again&#8217; Perform in Donald Trump&#8217;s Venues, By JOE COSCARELLI, 2015-10-07, -1, Julio Iglesias Says He&#8217;ll &#8216;Never Again&#8217; Perform in Donald Trump&#8217;s Venues; by By JOE COSCARELLI; New York Times; published 2015-10-07; emotional score: -1
Trump, NYT, How Donald Trump Uses Twitter (Hint: Impulsively), By MICHAEL BARBARO, 2015-10-06, -1, How Donald Trump Uses Twitter (Hint: Impulsively); by By MICHAEL BARBARO; New York Times; published 2015-10-06; emotional score: -1
Trump, NYT, Ted Cruz Sees Donald Trump&#8217;s Fan Base Coming His Way, By ALAN RAPPEPORT, 2015-10-09, -2, Ted Cruz Sees Donald Trump&#8217;s Fan Base Coming His Way; by By ALAN RAPPEPORT; New York Times; published 2015-10-09; emotional score: -2
Trump, NYT, Donald Trump’s Act Seems to Be Wearing Out Its Welcome, By ASHLEY PARKER and AMY CHOZICK, 2015-10-08, -3, Donald Trump’s Act Seems to Be Wearing Out Its Welcome; by By ASHLEY PARKER and AMY CHOZICK; New York Times; published 2015-10-08; emotional score: -3
Trump, WSJ, Trump Cools on Health Law Deal, None, 2017-10-18, 5, Trump Cools on Health Law Deal; by None; Wall Street Journal; published 2017-10-18; emotional score: 5
Trump, WSJ, Trump Targets North Korea in Fiery Beijing Speech, None, 2017-11-09, 4, Trump Targets North Korea in Fiery Beijing Speech; by None; Wall Street Journal; published 2017-11-09; emotional score: 4
Trump, WSJ, Victory Against ISIS—in the Philippines - Wall Street Journal, Ian J. Storey, 2017-11-09, 4, Victory Against ISIS—in the Philippines - Wall Street Journal; by Ian J. Storey; Wall Street Journal; published 2017-11-09; emotional score: 4
Trump, WSJ, Trump  GOP Face Political Reckoning, None, 2017-12-13, 2, Trump  GOP Face Political Reckoning; by None; Wall Street Journal; published 2017-12-13; emotional score: 2
Trump, WSJ, Trump  Xi Visions Contrast, None, 2017-11-11, 2, Trump  Xi Visions Contrast; by None; Wall Street Journal; published 2017-11-11; emotional score: 2
Trump, WSJ, Trump Changes Approach On North Korea, None, 2017-11-08, 2, Trump Changes Approach On North Korea; by None; Wall Street Journal; published 2017-11-08; emotional score: 2
Trump, WSJ, Xi Presents Trump With Host of Deals, None, 2017-11-09, 2, Xi Presents Trump With Host of Deals; by None; Wall Street Journal; published 2017-11-09; emotional score: 2
Trump, WSJ, Trump Asserts Control Over Agency, None, 2017-11-28, 2, Trump Asserts Control Over Agency; by None; Wall Street Journal; published 2017-11-28; emotional score: 2
Trump, WSJ, Is Trump Too Unpredictable?, None, 2017-10-19, 1, Is Trump Too Unpredictable?; by None; Wall Street Journal; published 2017-10-19; emotional score: 1
Trump, WSJ, Donald Trump Accuses Facebook of Being 'Anti-Trump', Georgia Wells, 2017-09-27, 0, Donald Trump Accuses Facebook of Being 'Anti-Trump'; by Georgia Wells; Wall Street Journal; published 2017-09-27; emotional score: 0
Trump, WSJ, The Anti-Trump Wave, The Editorial Board, 2017-11-08, 0, The Anti-Trump Wave; by The Editorial Board; Wall Street Journal; published 2017-11-08; emotional score: 0
Trump, WSJ, The Never-Trump Triumvirate, Kimberley A. Strassel, 2017-09-28, 0, The Never-Trump Triumvirate; by Kimberley A. Strassel; Wall Street Journal; published 2017-09-28; emotional score: 0
Trump, WSJ, Trump and the Fed, The Editorial Board, 2017-10-03, 0, Trump and the Fed; by The Editorial Board; Wall Street Journal; published 2017-10-03; emotional score: 0
Trump, WSJ, Trump Stresses GOP Unity, None, 2017-10-16, 0, Trump Stresses GOP Unity; by None; Wall Street Journal; published 2017-10-16; emotional score: 0
Trump, WSJ, Trump Caves on Ethanol, The Editorial Board, 2017-10-22, 0, Trump Caves on Ethanol; by The Editorial Board; Wall Street Journal; published 2017-10-22; emotional score: 0
Trump, WSJ, Staying at the Trump, James Freeman, 2017-12-04, 0, Staying at the Trump; by James Freeman; Wall Street Journal; published 2017-12-04; emotional score: 0
Trump, WSJ, The Trump Revolution, None, 2017-12-14, 0, The Trump Revolution; by None; Wall Street Journal; published 2017-12-14; emotional score: 0
Trump, WSJ, Trump Has a Rubio Moment, None, 2017-11-15, 0, Trump Has a Rubio Moment; by None; Wall Street Journal; published 2017-11-15; emotional score: 0
Trump, WSJ, Alec Baldwin Translates Trump, Ellen Gamerman, 2017-11-04, -1, Alec Baldwin Translates Trump; by Ellen Gamerman; Wall Street Journal; published 2017-11-04; emotional score: -1
Trump, WSJ, Russia's U.N. Trump Snub, The Editorial Board, 2017-11-19, -1, Russia's U.N. Trump Snub; by The Editorial Board; Wall Street Journal; published 2017-11-19; emotional score: -1
